Trigram,Frequency
new york city,206
new york times,144
system insight manager,101
attach hereto exhibit,91
image form apparatus,65
major league baseball,64
inc right reserve,63
president barack obama,63
roll electroactive polymer,63
los angeles times,62
new york state,57
wall street journal,57
detective brian mccartin,51
image processing apparatus,50
star war old,48
war old republic,48
home health aide,45
electroactive polymer device,43
material publish broadcast,41
publish broadcast rewrite,41
broadcast rewrite redistribute,41
right reserve material,40
oracle weblogic server,40
health care provider,37
reserve material publish,37
office educational accessibility,37
canon solution america,37
hit home run,36
spend lot time,33
food drug administration,33
salt lake city,33
order viagra online,33
year old son,31
forward look statement,31
agent canon kabushiki,31
canon kabushiki kaisha,31
environmental protection agency,30
executive vice president,30
copyright right reserve,30
person mixed blood,30
high speed internet,30
hgtv dream home,29
non profit organization,28
iphone ipod touch,28
commercial real estate,28
high blood pressure,27
long period time,27
high school student,27
rank voting election,27
health aide training,27
aide training program,27
frequently ask question,26
enter email address,26
sign free trial,26
method method method,26
electroactive polymer roll,26
health human service,25
play important role,24
new york new,24
continue read article,24
read article member,24
article member sign,24
member sign free,24
south african rugby,24
health care professional,24
feel free contact,24
real cialis prescription,24
build bear workshop,24
method claim say,24
harbor freight tool,24
hour min ago,24
league baseball club,23
paragon net burner,23
love love love,23
llc right reserve,23
personally identifiable information,23
intelligent navigation system,23
viagra online france,23
canon solutions america,23
story subject approval,22
subject approval major,22
approval major league,22
greenhouse gas emission,22
user browse forum,22
year old daughter,22
press right reserve,22
rugby world cup,22
tour south africa,22
apple cider vinegar,22
american psychological association,22
travelmate service guide,22
inflammatory bowel disease,21
world wide web,21
year old man,21
center disease control,21
sea org member,21
pino intelligent navigation,21
old dominion university,21
information processing apparatus,21
